MODE,WORKERS,RUN,BYTES,SECONDS,MBPS,SHA256,SIZE_OK,HASH_OK
traditional,1,1,8388745,0.032232,248.206,51e09bbafb4530a3a7a6e757171842a049a0ec587ab427656655d48347c55d9c,true,true
traditional,10,1,8388745,0.023246,344.153,51e09bbafb4530a3a7a6e757171842a049a0ec587ab427656655d48347c55d9c,true,true
nio,1,1,8388745,0.019652,407.084,51e09bbafb4530a3a7a6e757171842a049a0ec587ab427656655d48347c55d9c,true,true
nio,10,1,8388745,0.016754,477.500,51e09bbafb4530a3a7a6e757171842a049a0ec587ab427656655d48347c55d9c,true,true
nio,1,2,8388745,0.016815,475.775,51e09bbafb4530a3a7a6e757171842a049a0ec587ab427656655d48347c55d9c,true,true
nio,10,2,8388745,0.017281,462.942,51e09bbafb4530a3a7a6e757171842a049a0ec587ab427656655d48347c55d9c,true,true
traditional,1,2,8388745,0.020399,392.180,51e09bbafb4530a3a7a6e757171842a049a0ec587ab427656655d48347c55d9c,true,true
traditional,10,2,8388745,0.017990,444.692,51e09bbafb4530a3a7a6e757171842a049a0ec587ab427656655d48347c55d9c,true,true
traditional,1,3,8388745,0.011921,671.070,51e09bbafb4530a3a7a6e757171842a049a0ec587ab427656655d48347c55d9c,true,true
traditional,10,3,8388745,0.021226,376.908,51e09bbafb4530a3a7a6e757171842a049a0ec587ab427656655d48347c55d9c,true,true
nio,1,3,8388745,0.015368,520.570,51e09bbafb4530a3a7a6e757171842a049a0ec587ab427656655d48347c55d9c,true,true
nio,10,3,8388745,0.017754,450.607,51e09bbafb4530a3a7a6e757171842a049a0ec587ab427656655d48347c55d9c,true,true
nio,1,4,8388745,0.016118,496.333,51e09bbafb4530a3a7a6e757171842a049a0ec587ab427656655d48347c55d9c,true,true
nio,10,4,8388745,0.021488,372.312,51e09bbafb4530a3a7a6e757171842a049a0ec587ab427656655d48347c55d9c,true,true
traditional,1,4,8388745,0.013819,578.908,51e09bbafb4530a3a7a6e757171842a049a0ec587ab427656655d48347c55d9c,true,true
traditional,10,4,8388745,0.016415,487.376,51e09bbafb4530a3a7a6e757171842a049a0ec587ab427656655d48347c55d9c,true,true
traditional,1,5,8388745,0.011942,669.902,51e09bbafb4530a3a7a6e757171842a049a0ec587ab427656655d48347c55d9c,true,true
traditional,10,5,8388745,0.016866,474.330,51e09bbafb4530a3a7a6e757171842a049a0ec587ab427656655d48347c55d9c,true,true
nio,1,5,8388745,0.013707,583.658,51e09bbafb4530a3a7a6e757171842a049a0ec587ab427656655d48347c55d9c,true,true
nio,10,5,8388745,0.016016,499.501,51e09bbafb4530a3a7a6e757171842a049a0ec587ab427656655d48347c55d9c,true,true
