id,arrivalMs,priority,workMs,resource,resourceMs
W001,0,1,20,PRINTER,40
W002,0,1,20,DATABASE,40
W003,0,1,20,PRINTER,40
W004,0,1,20,DATABASE,40
W005,0,1,20,PRINTER,40
W006,0,1,20,DATABASE,40
W007,0,1,20,PRINTER,40
W008,0,1,20,DATABASE,40
W009,0,1,20,PRINTER,40
W010,0,1,20,DATABASE,40
W011,0,1,20,PRINTER,40
W012,0,1,20,DATABASE,40
W013,0,1,20,PRINTER,40
W014,0,1,20,DATABASE,40
W015,0,1,20,PRINTER,40
W016,0,1,20,DATABASE,40
W017,0,1,20,PRINTER,40
W018,0,1,20,DATABASE,40
W019,0,1,20,PRINTER,40
W020,0,1,20,DATABASE,40
W021,0,1,20,PRINTER,40
W022,0,1,20,DATABASE,40
W023,0,1,20,PRINTER,40
W024,0,1,20,DATABASE,40
W025,0,1,20,PRINTER,40
W026,0,1,20,DATABASE,40
W027,0,1,20,PRINTER,40
W028,0,1,20,DATABASE,40
W029,0,1,20,PRINTER,40
W030,0,1,20,DATABASE,40
W031,0,1,20,PRINTER,40
W032,0,1,20,DATABASE,40
W033,0,1,20,PRINTER,40
W034,0,1,20,DATABASE,40
W035,0,1,20,PRINTER,40
W036,0,1,20,DATABASE,40
W037,0,1,20,PRINTER,40
W038,0,1,20,DATABASE,40
W039,0,1,20,PRINTER,40
W040,0,1,20,DATABASE,40
W041,0,1,20,PRINTER,40
W042,0,1,20,DATABASE,40
W043,0,1,20,PRINTER,40
W044,0,1,20,DATABASE,40
W045,0,1,20,PRINTER,40
W046,0,1,20,DATABASE,40
W047,0,1,20,PRINTER,40
W048,0,1,20,DATABASE,40
W049,0,1,20,PRINTER,40
W050,0,1,20,DATABASE,40
W051,0,1,20,PRINTER,40
W052,0,1,20,DATABASE,40
W053,0,1,20,PRINTER,40
W054,0,1,20,DATABASE,40
W055,0,1,20,PRINTER,40
W056,0,1,20,DATABASE,40
W057,0,1,20,PRINTER,40
W058,0,1,20,DATABASE,40
W059,0,1,20,PRINTER,40
W060,0,1,20,DATABASE,40
W061,0,1,20,PRINTER,40
W062,0,1,20,DATABASE,40
W063,0,1,20,PRINTER,40
W064,0,1,20,DATABASE,40
W065,0,1,20,PRINTER,40
W066,0,1,20,DATABASE,40
W067,0,1,20,PRINTER,40
W068,0,1,20,DATABASE,40
W069,0,1,20,PRINTER,40
W070,0,1,20,DATABASE,40
W071,0,1,20,PRINTER,40
W072,0,1,20,DATABASE,40
W073,0,1,20,PRINTER,40
W074,0,1,20,DATABASE,40
W075,0,1,20,PRINTER,40
W076,0,1,20,DATABASE,40
W077,0,1,20,PRINTER,40
W078,0,1,20,DATABASE,40
W079,0,1,20,PRINTER,40
W080,0,1,20,DATABASE,40
W081,0,1,20,PRINTER,40
W082,0,1,20,DATABASE,40
W083,0,1,20,PRINTER,40
W084,0,1,20,DATABASE,40
W085,0,1,20,PRINTER,40
W086,0,1,20,DATABASE,40
W087,0,1,20,PRINTER,40
W088,0,1,20,DATABASE,40
W089,0,1,20,PRINTER,40
W090,0,1,20,DATABASE,40
W091,0,1,20,PRINTER,40
W092,0,1,20,DATABASE,40
W093,0,1,20,PRINTER,40
W094,0,1,20,DATABASE,40
W095,0,1,20,PRINTER,40
W096,0,1,20,DATABASE,40
W097,0,1,20,PRINTER,40
W098,0,1,20,DATABASE,40
W099,0,1,20,PRINTER,40
W100,0,1,20,DATABASE,40
W101,0,1,20,PRINTER,40
W102,0,1,20,DATABASE,40
W103,0,1,20,PRINTER,40
W104,0,1,20,DATABASE,40
W105,0,1,20,PRINTER,40
W106,0,1,20,DATABASE,40
W107,0,1,20,PRINTER,40
W108,0,1,20,DATABASE,40
W109,0,1,20,PRINTER,40
W110,0,1,20,DATABASE,40
W111,0,1,20,PRINTER,40
W112,0,1,20,DATABASE,40
W113,0,1,20,PRINTER,40
W114,0,1,20,DATABASE,40
W115,0,1,20,PRINTER,40
W116,0,1,20,DATABASE,40
W117,0,1,20,PRINTER,40
W118,0,1,20,DATABASE,40
W119,0,1,20,PRINTER,40
W120,0,1,20,DATABASE,40
W121,0,1,20,PRINTER,40
W122,0,1,20,DATABASE,40
W123,0,1,20,PRINTER,40
W124,0,1,20,DATABASE,40
W125,0,1,20,PRINTER,40
W126,0,1,20,DATABASE,40
W127,0,1,20,PRINTER,40
W128,0,1,20,DATABASE,40
W129,0,1,20,PRINTER,40
W130,0,1,20,DATABASE,40
W131,0,1,20,PRINTER,40
W132,0,1,20,DATABASE,40
W133,0,1,20,PRINTER,40
W134,0,1,20,DATABASE,40
W135,0,1,20,PRINTER,40
W136,0,1,20,DATABASE,40
W137,0,1,20,PRINTER,40
W138,0,1,20,DATABASE,40
W139,0,1,20,PRINTER,40
W140,0,1,20,DATABASE,40
W141,0,1,20,PRINTER,40
W142,0,1,20,DATABASE,40
W143,0,1,20,PRINTER,40
W144,0,1,20,DATABASE,40
W145,0,1,20,PRINTER,40
W146,0,1,20,DATABASE,40
W147,0,1,20,PRINTER,40
W148,0,1,20,DATABASE,40
W149,0,1,20,PRINTER,40
W150,0,1,20,DATABASE,40
W151,0,1,20,PRINTER,40
W152,0,1,20,DATABASE,40
W153,0,1,20,PRINTER,40
W154,0,1,20,DATABASE,40
W155,0,1,20,PRINTER,40
W156,0,1,20,DATABASE,40
W157,0,1,20,PRINTER,40
W158,0,1,20,DATABASE,40
W159,0,1,20,PRINTER,40
W160,0,1,20,DATABASE,40
W161,0,1,20,PRINTER,40
W162,0,1,20,DATABASE,40
W163,0,1,20,PRINTER,40
W164,0,1,20,DATABASE,40
W165,0,1,20,PRINTER,40
W166,0,1,20,DATABASE,40
W167,0,1,20,PRINTER,40
W168,0,1,20,DATABASE,40
W169,0,1,20,PRINTER,40
W170,0,1,20,DATABASE,40
W171,0,1,20,PRINTER,40
W172,0,1,20,DATABASE,40
W173,0,1,20,PRINTER,40
W174,0,1,20,DATABASE,40
W175,0,1,20,PRINTER,40
W176,0,1,20,DATABASE,40
W177,0,1,20,PRINTER,40
W178,0,1,20,DATABASE,40
W179,0,1,20,PRINTER,40
W180,0,1,20,DATABASE,40
W181,0,1,20,PRINTER,40
W182,0,1,20,DATABASE,40
W183,0,1,20,PRINTER,40
W184,0,1,20,DATABASE,40
W185,0,1,20,PRINTER,40
W186,0,1,20,DATABASE,40
W187,0,1,20,PRINTER,40
W188,0,1,20,DATABASE,40
W189,0,1,20,PRINTER,40
W190,0,1,20,DATABASE,40
W191,0,1,20,PRINTER,40
W192,0,1,20,DATABASE,40
W193,0,1,20,PRINTER,40
W194,0,1,20,DATABASE,40
W195,0,1,20,PRINTER,40
W196,0,1,20,DATABASE,40
W197,0,1,20,PRINTER,40
W198,0,1,20,DATABASE,40
W199,0,1,20,PRINTER,40
W200,0,1,20,DATABASE,40
W201,0,1,20,PRINTER,40
W202,0,1,20,DATABASE,40
W203,0,1,20,PRINTER,40
W204,0,1,20,DATABASE,40
W205,0,1,20,PRINTER,40
W206,0,1,20,DATABASE,40
W207,0,1,20,PRINTER,40
W208,0,1,20,DATABASE,40
W209,0,1,20,PRINTER,40
W210,0,1,20,DATABASE,40
W211,0,1,20,PRINTER,40
W212,0,1,20,DATABASE,40
W213,0,1,20,PRINTER,40
W214,0,1,20,DATABASE,40
W215,0,1,20,PRINTER,40
W216,0,1,20,DATABASE,40
W217,0,1,20,PRINTER,40
W218,0,1,20,DATABASE,40
W219,0,1,20,PRINTER,40
W220,0,1,20,DATABASE,40
W221,0,1,20,PRINTER,40
W222,0,1,20,DATABASE,40
W223,0,1,20,PRINTER,40
W224,0,1,20,DATABASE,40
W225,0,1,20,PRINTER,40
W226,0,1,20,DATABASE,40
W227,0,1,20,PRINTER,40
W228,0,1,20,DATABASE,40
W229,0,1,20,PRINTER,40
W230,0,1,20,DATABASE,40
W231,0,1,20,PRINTER,40
W232,0,1,20,DATABASE,40
W233,0,1,20,PRINTER,40
W234,0,1,20,DATABASE,40
W235,0,1,20,PRINTER,40
W236,0,1,20,DATABASE,40
W237,0,1,20,PRINTER,40
W238,0,1,20,DATABASE,40
W239,0,1,20,PRINTER,40
W240,0,1,20,DATABASE,40
W241,0,1,20,PRINTER,40
W242,0,1,20,DATABASE,40
W243,0,1,20,PRINTER,40
W244,0,1,20,DATABASE,40
W245,0,1,20,PRINTER,40
W246,0,1,20,DATABASE,40
W247,0,1,20,PRINTER,40
W248,0,1,20,DATABASE,40
W249,0,1,20,PRINTER,40
W250,0,1,20,DATABASE,40
W251,0,1,20,PRINTER,40
W252,0,1,20,DATABASE,40
W253,0,1,20,PRINTER,40
W254,0,1,20,DATABASE,40
W255,0,1,20,PRINTER,40
W256,0,1,20,DATABASE,40
